{
  "trajectory_mean": [
    -4.430876013334904e-06,
    3.9377446811572624e-05,
    -8.948012256314177e-05,
    -4.894343052904627e-05,
    4.934220117603438e-06,
    -1.7494705107540998e-05,
    1.1594276028235731e-06,
    2.180680668645125e-05
  ],
  "trajectory_std": [
    0.0028261689361564883,
    0.0025185191829656976,
    0.0020624417435887127,
    0.0016910509284965283,
    0.001455924583873564,
    0.0013749335797085848,
    0.0011578613453853371,
    0.0009944667689144567
  ],
  "center_mean": 0.49,
  "center_std": 0.4998999899979995,
  "center_min": 0,
  "center_max": 1,
  "center_ones_fraction": 0.49
}