{
  "alignment": {
    "total_examples": 9988,
    "agreement_rate": 0.34171005206247496,
    "avg_geometry_confidence": 0.6158481209433428,
    "class_statistics": {
      "entailment": {
        "total": 3336,
        "agreements": 3154,
        "agreement_rate": 0.9454436450839329,
        "avg_confidence": 0.6512614950790873
      },
      "contradiction": {
        "total": 3329,
        "agreements": 81,
        "agreement_rate": 0.024331631120456592,
        "avg_confidence": 0.5799440871970272
      },
      "neutral": {
        "total": 3323,
        "agreements": 178,
        "agreement_rate": 0.05356605476978634,
        "avg_confidence": 0.6162650671439576
      }
    },
    "disagreement_patterns": {
      "entailment\u2192neutral": 3103,
      "entailment\u2192contradiction": 3074,
      "contradiction\u2192entailment": 45,
      "contradiction\u2192neutral": 42,
      "neutral\u2192entailment": 137,
      "neutral\u2192contradiction": 174
    }
  },
  "classifier_accuracy": 0.8231878253904685
}