{
  "best_model": "polynomial_degree_3",
  "best_r2": 0.5694902707651794,
  "n_components": 8,
  "models": {
    "polynomial_degree_3": {
      "type": "polynomial_degree_3",
      "val_r2": 0.5712069726418455,
      "test_r2": 0.5694902707651794,
      "test_mse": 9.136544211817863e-07,
      "test_mae": 0.0007471232040367397,
      "test_r2_per_component": [
        0.8643335121993028,
        0.9516045793958319,
        0.7956418550632343,
        0.387348989018364,
        0.5833993583209487,
        0.45743031791688127,
        0.2893290865979017,
        0.22683446760896786
      ]
    }
  }
}