{
  "n_components": 8,
  "trajectory_shape": [
    10000,
    15
  ],
  "pca_shape": [
    10000,
    8
  ],
  "explained_variance": [
    0.341746602744014,
    0.22369564917346185,
    0.14328419283612515,
    0.086468251302268,
    0.05764536568382929,
    0.051641744826456094,
    0.036202186180677824,
    0.026685416105858707
  ],
  "correlations": [
    -0.6907706549611184,
    -0.6175560271732219,
    -0.3007817933042707,
    0.09467519271861732,
    -0.055973748307161564,
    0.14567565940559707,
    -0.08556974072637821,
    0.01327112518622377
  ],
  "data_source": "/Users/chetanpatil/Desktop/clean-nova-livnium/experiments/rule30/results/chaos15"
}