{
  "best_model": "polynomial_degree_3",
  "best_r2": 0.5137776571968022,
  "models": {
    "linear": {
      "type": "linear",
      "val_r2": 0.520652540323358,
      "test_r2": 0.513650508968315,
      "test_mse": 5.183159662588379e-06,
      "test_mae": 0.001799596966654236
    },
    "polynomial_degree_2": {
      "type": "polynomial_degree_2",
      "val_r2": 0.5210603067915651,
      "test_r2": 0.5137776456198879,
      "test_mse": 5.181804732489303e-06,
      "test_mae": 0.0017995273519820362
    },
    "polynomial_degree_3": {
      "type": "polynomial_degree_3",
      "val_r2": 0.5210603277591901,
      "test_r2": 0.5137776571968022,
      "test_mse": 5.181804609110956e-06,
      "test_mae": 0.0017995273064026049
    }
  },
  "features": "PC1, PC2, PC3"
}