{
  "trajectory_mean": [
    5.705850727671316e-06,
    -3.054704001817398e-05,
    4.2083825984292766e-05,
    1.2318116909794689e-05,
    -8.158763440828132e-06,
    7.992990268118686e-06,
    3.2315654409552754e-06,
    -8.441538326938085e-06
  ],
  "trajectory_std": [
    8.399641516236574e-05,
    7.367537926938372e-05,
    1.3654216537212989e-05,
    1.2958449088729212e-05,
    1.600763206698595e-05,
    1.9305687431125528e-05,
    1.7635140075047925e-05,
    2.8053966546954046e-05
  ],
  "center_mean": -3.941434244263438e-06,
  "center_std": 5.8022258716103006e-05,
  "center_min": -0.002832293975111059,
  "center_max": 0.0022781479592690976
}